{
  "index.html": 1734156691904,
  "controller/app.controller.js": 1734328578577,
  "model/models.js": 1734156691912,
  "controller/App.controller.js": 1734156691912,
  "manifest.json": 1734624506397,
  "Component.js": 1734156691904,
  "controller/app-dbg.controller.js": 1734328578577,
  "controller/app.controller.js.map": 1734624506601,
  "model/models-dbg.js": 1734156691912,
  "model/models.js.map": 1734624506600,
  "controller/App-dbg.controller.js": 1734156691912,
  "controller/App.controller.js.map": 1734624506599,
  "Component-dbg.js": 1734156691904,
  "Component.js.map": 1734624506600,
  "Component-preload.js": 1734624506762,
  "Component-preload.js.map": 1734624506762,
  "view/app.view.xml": 1734156691916,
  "view/App.view.xml": 1734156691916,
  "css/style.css": 1734156691916,
  "i18n/i18n.properties": 1734156724552
}