{
  "controller/App.controller.js.map": 1737319457460,
  "controller/details.controller.js": 1737318079135,
  "model/object.json": 1737045973775,
  "model/models.js": 1737045973775,
  "controller/notFound.controller.js": 1737316071202,
  "controller/home.controller.js": 1737316009086,
  "model/roles.json": 1737045973775,
  "controller/App.controller.js": 1737220939653,
  "manifest.json": 1737319457286,
  "Component.js": 1737045973775,
  "controller/home-dbg.controller.js": 1737316009086,
  "controller/home.controller.js.map": 1737319457461,
  "model/models-dbg.js": 1737045973775,
  "model/models.js.map": 1737319457457,
  "controller/notFound-dbg.controller.js": 1737316071202,
  "controller/notFound.controller.js.map": 1737319457460,
  "controller/details-dbg.controller.js": 1737318079135,
  "controller/details.controller.js.map": 1737319457464,
  "controller/App-dbg.controller.js": 1737220939653,
  "i18n/i18n.properties": 1737316814302,
  "Component-dbg.js": 1737045973775,
  "Component.js.map": 1737319457462,
  "Component-preload.js": 1737319457564,
  "Component-preload.js.map": 1737319457564,
  "view/notFound.view.xml": 1737316123795,
  "view/home.view.xml": 1737253582997,
  "view/details.view.xml": 1737318737450,
  "view/App.view.xml": 1737221278912,
  "css/style.css": 1737045973775,
  "index.html": 1737045973775
}