{
  "Component-preload.js.map": 1734628301688,
  "controller/app.controller.js": 1734597463555,
  "model/models.js": 1734597463555,
  "controller/App.controller.js": 1734597463555,
  "manifest.json": 1734628301454,
  "Component.js": 1734597463555,
  "controller/App-dbg.controller.js": 1734597463555,
  "controller/App.controller.js.map": 1734628301605,
  "model/models-dbg.js": 1734597463555,
  "model/models.js.map": 1734628301615,
  "controller/app-dbg.controller.js": 1734597463555,
  "controller/app.controller.js.map": 1734628301606,
  "Component-dbg.js": 1734597463555,
  "Component.js.map": 1734628301605,
  "Component-preload.js": 1734628301688,
  "i18n/i18n.properties": 1734597463555,
  "view/app.view.xml": 1734597463555,
  "view/App.view.xml": 1734597463555,
  "css/style.css": 1734597463555,
  "index.html": 1734597463555
}