{
  "index.html": 1744252154219,
  "controller/details.controller.js": 1737434827290,
  "model/object.json": 1737045973775,
  "model/models.js": 1737045973775,
  "controller/notFound.controller.js": 1737316071202,
  "controller/home.controller.js": 1744252520748,
  "model/roles.json": 1737045973775,
  "controller/App.controller.js": 1737220939653,
  "manifest.json": 1744257058349,
  "Component.js": 1737045973775,
  "controller/home-dbg.controller.js": 1744252520748,
  "controller/home.controller.js.map": 1744257058475,
  "model/models-dbg.js": 1737045973775,
  "model/models.js.map": 1744257058470,
  "controller/notFound-dbg.controller.js": 1737316071202,
  "controller/notFound.controller.js.map": 1744257058472,
  "controller/details-dbg.controller.js": 1737434827290,
  "controller/details.controller.js.map": 1744257058476,
  "controller/App-dbg.controller.js": 1737220939653,
  "controller/App.controller.js.map": 1744257058472,
  "Component-dbg.js": 1737045973775,
  "Component.js.map": 1744257058474,
  "Component-preload.js": 1744257058567,
  "Component-preload.js.map": 1744257058567,
  "view/productsData.fragment.xml": 1738286807675,
  "view/notFound.view.xml": 1737316123795,
  "view/home.view.xml": 1738374528074,
  "view/details.view.xml": 1737395794164,
  "view/createNewProduct.fragment.xml": 1737483238673,
  "view/App.view.xml": 1737221278912,
  "css/style.css": 1737045973775,
  "Images/AppIcon_2.png": 1738288758215,
  "Images/AppIcon_1.png": 1738288706226,
  "i18n/i18n.properties": 1738288251926
}