{
  "model/models.js": 1737045973775,
  "model/roles.json": 1737045973775,
  "model/object.json": 1737045973775,
  "i18n/i18n.properties": 1738288251926,
  "controller/notFound.controller.js": 1737316071202,
  "controller/home.controller.js": 1738622727502,
  "controller/details.controller.js": 1737434827290,
  "controller/App.controller.js": 1737220939653,
  "manifest.json": 1738633618658,
  "Component.js": 1737045973775,
  "Component-dbg.js": 1737045973775,
  "Component.js.map": 1738633618766,
  "controller/notFound-dbg.controller.js": 1737316071202,
  "controller/notFound.controller.js.map": 1738633618766,
  "controller/home-dbg.controller.js": 1738622727502,
  "controller/home.controller.js.map": 1738633618778,
  "controller/details-dbg.controller.js": 1737434827290,
  "controller/details.controller.js.map": 1738633618772,
  "controller/App-dbg.controller.js": 1737220939653,
  "controller/App.controller.js.map": 1738633618767,
  "model/models-dbg.js": 1737045973775,
  "model/models.js.map": 1738633618769,
  "Component-preload.js": 1738633618861,
  "Component-preload.js.map": 1738633618861,
  "view/productsData.fragment.xml": 1738286807675,
  "view/notFound.view.xml": 1737316123795,
  "view/home.view.xml": 1738374528074,
  "view/details.view.xml": 1737395794164,
  "view/createNewProduct.fragment.xml": 1737483238673,
  "view/App.view.xml": 1737221278912,
  "css/style.css": 1737045973775,
  "Images/AppIcon_2.png": 1738288758215,
  "Images/AppIcon_1.png": 1738288706226,
  "index.html": 1737045973775
}