{
  "view/app.view.xml": 1734156691916,
  "model/object.json": 1734989221133,
  "model/models.js": 1734156691912,
  "controller/app.controller.js": 1735011925187,
  "controller/App.controller.js": 1735074894204,
  "manifest.json": 1735103040487,
  "Component.js": 1734156691904,
  "controller/app-dbg.controller.js": 1735011925187,
  "controller/app.controller.js.map": 1735103040593,
  "model/models-dbg.js": 1734156691912,
  "model/models.js.map": 1735103040594,
  "controller/App-dbg.controller.js": 1735074894204,
  "controller/App.controller.js.map": 1735103040633,
  "Component-dbg.js": 1734156691904,
  "Component.js.map": 1735103040594,
  "Component-preload.js": 1735103040700,
  "Component-preload.js.map": 1735103040700,
  "i18n/i18n.properties": 1734156724552,
  "view/App.view.xml": 1734156691916,
  "css/style.css": 1734156691916,
  "index.html": 1734156691904
}