{
  "controller/App.controller.js": 1734156691912,
  "manifest.json": 1734916096576,
  "controller/app.controller.js": 1734676572277,
  "i18n/i18n.properties": 1734156724552,
  "model/models.js": 1734156691912,
  "Component.js": 1734156691904,
  "controller/App-dbg.controller.js": 1734156691912,
  "controller/App.controller.js.map": 1734916096723,
  "controller/app-dbg.controller.js": 1734676572277,
  "controller/app.controller.js.map": 1734916096712,
  "model/models-dbg.js": 1734156691912,
  "model/models.js.map": 1734916096715,
  "Component-dbg.js": 1734156691904,
  "Component.js.map": 1734916096724,
  "Component-preload.js": 1734916096795,
  "Component-preload.js.map": 1734916096795,
  "view/app.view.xml": 1734156691916,
  "view/App.view.xml": 1734156691916,
  "css/style.css": 1734156691916,
  "index.html": 1734156691904
}