{
  "authenticationMethod": "route",
  "welcomeFile": "/index.html",
  "logout": {
    "logoutEndpoint": "/app-logout",
    "logoutPage": "/"
  },
  "routes": [
    {
      "source": "^/test/(.*)$",
      "target": "/odata/$1",
      "authenticationType": "xsuaa",
      "destination": "SalesAndInventoryManagement-srv"
    },
    {
      "source": "^/user-api(.*)",
      "target": "$1",
      "service": "sap-approuter-userapi"
    },
    {
      "source": "^/app/(.*)$",
      "target": "$1",
      "localDir": ".",
      "cacheControl": "no-cache, no-store, must-revalidate"
    },
    {
      "source": "^/appconfig/",
      "localDir": ".",
      "cacheControl": "no-cache, no-store, must-revalidate"
    },
    {
      "source": "^(.*)",
      "localDir": "webapp",
      "authenticationType": "xsuaa",
      "cacheControl": "no-cache, no-store, must-revalidate"
    }
  ]
}